<?xml version="1.0"?><!DOCTYPE pdf PUBLIC "-//big.faceless.org//report" "report-1.1.dtd">
<pdf>
<head>
	<link name="NotoSans" type="font" subtype="truetype" src="${nsfont.NotoSans_Regular}" src-bold="${nsfont.NotoSans_Bold}" src-italic="${nsfont.NotoSans_Italic}" src-bolditalic="${nsfont.NotoSans_BoldItalic}" bytes="2" />
  	<link href="http://fonts.cdnfonts.com/css/vremena-grotesk" rel="stylesheet" />
	<#if .locale == "zh_CN">
		<link name="NotoSansCJKsc" type="font" subtype="opentype" src="${nsfont.NotoSansCJKsc_Regular}" src-bold="${nsfont.NotoSansCJKsc_Bold}" bytes="2" />
	<#elseif .locale == "zh_TW">
		<link name="NotoSansCJKtc" type="font" subtype="opentype" src="${nsfont.NotoSansCJKtc_Regular}" src-bold="${nsfont.NotoSansCJKtc_Bold}" bytes="2" />
	<#elseif .locale == "ja_JP">
		<link name="NotoSansCJKjp" type="font" subtype="opentype" src="${nsfont.NotoSansCJKjp_Regular}" src-bold="${nsfont.NotoSansCJKjp_Bold}" bytes="2" />
	<#elseif .locale == "ko_KR">
		<link name="NotoSansCJKkr" type="font" subtype="opentype" src="${nsfont.NotoSansCJKkr_Regular}" src-bold="${nsfont.NotoSansCJKkr_Bold}" bytes="2" />
	<#elseif .locale == "th_TH">
		<link name="NotoSansThai" type="font" subtype="opentype" src="${nsfont.NotoSansThai_Regular}" src-bold="${nsfont.NotoSansThai_Bold}" bytes="2" />
	</#if>
    <macrolist>
        <macro id="nlheader">
            <table class="header" style="height:25px;width:100%;"><tr>
	<td rowspan="3"><#if companyInformation.logoUrl?length != 0>
	<table cellpadding="0" cellspacing="0" style="height:25px;width:400px;"><tr>
		<td style="height: 20px;"><strong><span style="font-size:18px; border-top:2px; border-bottom:4px; padding-top:2px; padding-bottom:1px;">Bentham Science Publishers Ltd</span></strong></td>
		</tr>
		<tr>
		<td><br />${companyinformation.addresstext}&nbsp;${companyinformation.adminemail}</td>
		</tr></table>

	<table cellpadding="0" cellspacing="0" style="height:5px;width:680px;"><tr>
		<td>&nbsp;</td>
		</tr>
		<tr>
		<td>
		<hr style="border: 2px solid #000000;" /></td>
		</tr></table>
	<br /></#if></td>
	<td rowspan="3">
	<table class="header" style="height:25px;width:100%;"><tr>
		<td align="right">
		<table align="right" cellpadding="1" cellspacing="1" style="border:1px solid black;width:170px;"><tr>
			<td style="padding-top: 2px; text-align: right;">Invoice No.</td>
			<td style="padding-top: 2px; text-align: right;">${record.tranid}</td>
			</tr>
			<tr>
			<td style="text-align: right;">Date</td>
			<td style="text-align: right;">${record.trandate}</td>
			</tr></table>

		<table border="0" cellpadding="5" style="width:230px;"><tr>
			<td><span style="font-size:18px;"><strong>&nbsp; Shipping Specifications</strong></span></td>
			</tr></table>
		</td>
		</tr></table>
	</td>
	</tr></table>
        </macro>
    </macrolist>
    <style type="text/css">* {
            <#if .locale == "zh_CN">
            font-family: NotoSans, NotoSansCJKsc, sans-serif;
            <#elseif .locale == "zh_TW">
            font-family: NotoSans, NotoSansCJKtc, sans-serif;
            <#elseif .locale == "ja_JP">
            font-family: NotoSans, NotoSansCJKjp, sans-serif;
            <#elseif .locale == "ko_KR">
            font-family: NotoSans, NotoSansCJKkr, sans-serif;
            <#elseif .locale == "th_TH">
            font-family: NotoSans, NotoSansThai, sans-serif;
            <#else>
            <!-- font-family: NotoSans, sans-serif; -->
            font-family: 'Vremena Grotesk', sans-serif !important;
            </#if>
            }
            table {
            font-size: 9pt;
            table-layout: fixed;
            }
            th {
            font-weight: bold;
            font-size: 8pt;
            vertical-align: middle;
            padding: 5px 6px 3px;
            background-color: #e3e3e3;
            color: #333333;
            }
            td {
            padding: 4px 6px;
            }
            td p { align:left }
            b {
            font-weight: bold;
            color: #333333;
            }
            table.header td {
            padding: 0px;
            font-size: 10pt;
            }
            table.footer td {
            padding: 0px;
            font-size: 8pt;
            }
            table.itemtable th {
            padding-bottom: 10px;
            padding-top: 10px;
            }
            table.body td {
            padding-top: 2px;
            }
            table.total {
            page-break-inside: avoid;
            }
            tr.totalrow {
            background-color: #e3e3e3;
            line-height: 200%;
            }
            td.totalboxtop {
            font-size: 12pt;
            background-color: #e3e3e3;
            }
            td.addressheader {
            font-size: 8pt;
            padding-top: 6px;
            padding-bottom: 2px;
            }
            td.address {
            padding-top: 0px;
            }
            td.totalboxmid {
            font-size: 28pt;
            padding-top: 20px;
            background-color: #e3e3e3;
            }
            td.totalboxbot {
            background-color: #e3e3e3;
            font-weight: bold;
            }
            span.title {
            font-size: 28pt;
            }
            span.number {
            font-size: 16pt;
            }
            span.itemname {
            font-weight: bold;
            line-height: 150%;
            }
            hr {
            width: 100%;
            color: #d3d3d3;
            background-color: #d3d3d3;
            height: 1px;
            }
            .checkbox{
            width: 200px;
            background-color:#ffffff;
            color:#fff;
            margin: auto;
            }
</style>
</head>
<body header="nlheader" header-height="16%" padding="0.5in 0.5in 0.5in 0.5in" size="Letter">
    <table style="height:125px;margin-top:50px;width:721px;"><!-- start items --><#list record.item as item><#if item_index==0>
<thead>
	<tr></tr>
</thead>
</#if><tr>
	<td colspan="9" style="width: 713px; height: 210px;">
	<table border="0" cellpadding="0" cellspacing="0" style="height:100px;width:673px;"><tr>
		<td style="width: 667px;"><span style="font-size:16px;">${item.custcol_c44424_customercategory} Subscr. to ${item.custcol_c47967_item_display_name}</span><br /><span style="font-size:16px;">${item.description}</span>
		<table border="0" cellpadding="0" cellspacing="0" style="height:100px;width:657px;"><tr>
			<td style="width: 296px;">
			<table cellpadding="1" cellspacing="1" style="height:100px;width:257px;"><tr>
				<td style="height: 12px; width: 251px;">Will be shipped to:<br />
                  <#if item.custcol_c44424_customer?has_content>
 				  ${item.custcol_c44424_customer}<br />
				  </#if>
                  <#if item.custcol_c44424_address1?has_content>
 				  ${item.custcol_c44424_address1}<br />
				  </#if>
                  <#if item.custcol_c44424_address2?has_content>
 				  ${item.custcol_c44424_address2}<br />
				  </#if>
                  <#if item.custcol_c44424_city?has_content>
 				  ${item.custcol_c44424_city}<br />
				  </#if>
                  <#if item.custcol_c44424_state?has_content>
 				  ${item.custcol_c44424_state}<br />
				  </#if>
                  <#if item.custcol_c44424_zip?has_content>
 				  ${item.custcol_c44424_zip}<br />
				  </#if>
                  <#if item.custcol_c44424_country?has_content>
 				  ${item.custcol_c44424_country}
				  </#if>
                  </td>
				</tr></table>

			<p>&nbsp;</p>
			</td>
			<td style="width: 359px;">
			<table cellpadding="1" cellspacing="1" style="width:399px;"><tr>
				<td style="width: 117px;">Ordertype is:</td>
				<td style="width: 274px;">Renewal</td>
				</tr>
				<tr>
				<td style="width: 117px;">Quantity is:</td>
				<td style="width: 274px;">${item.quantity}</td>
				</tr>
				<tr>
				<td style="width: 117px;">Delivery:</td>
				<td style="width: 274px;">${item.price}</td>
				</tr>
				<tr>
				<td style="width: 117px;">Your Reference is:</td>
				<td style="width: 274px;">${item.custcol_c44424_referencenumber}</td>
				</tr></table>
			</td>
			</tr></table>
		<hr style="border: 0.5px solid #000000;" /></td>
		</tr></table>
	</td>
	</tr>
	</#list><!-- end items --></table>
</body>
</pdf>