<suitelet scriptid="customscript_c53106_su_generate_email">
  <description></description>
  <isinactive>F</isinactive>
  <name>CSS SU Generate Email</name>
  <notifyadmins>F</notifyadmins>
  <notifyemails></notifyemails>
  <notifyowner>T</notifyowner>
  <notifyuser>F</notifyuser>
  <scriptfile>[/SuiteScripts/CSS SU Generate Email.js]</scriptfile>
  <scriptdeployments>
    <scriptdeployment scriptid="customdeploy_c53106_su_generate_email">
      <allemployees>T</allemployees>
      <allpartners>F</allpartners>
      <allroles>T</allroles>
      <audslctrole></audslctrole>
      <eventtype></eventtype>
      <isdeployed>T</isdeployed>
      <isonline>F</isonline>
      <loglevel>DEBUG</loglevel>
      <runasrole>ADMINISTRATOR</runasrole>
      <status>TESTING</status>
      <title>CSS SU Generate Email</title>
    </scriptdeployment>
  </scriptdeployments>
</suitelet>