<mapreducescript scriptid="customscript_c53106_mr_bundled_pdf_gnrte">
  <description></description>
  <isinactive>F</isinactive>
  <name>CSS MR Bundled PDF Generate</name>
  <notifyadmins>F</notifyadmins>
  <notifyemails></notifyemails>
  <notifyowner>T</notifyowner>
  <scriptfile>[/SuiteScripts/CSS MR Bundled PDF Generate.js]</scriptfile>
  <scriptcustomfields>
    <scriptcustomfield scriptid="custscript_data_to_process">
      <accesslevel>2</accesslevel>
      <applyformatting>F</applyformatting>
      <checkspelling>F</checkspelling>
      <defaultchecked>F</defaultchecked>
      <defaultselection></defaultselection>
      <defaultvalue></defaultvalue>
      <description></description>
      <displayheight></displayheight>
      <displaytype>NORMAL</displaytype>
      <displaywidth></displaywidth>
      <dynamicdefault></dynamicdefault>
      <fieldtype>CLOBTEXT</fieldtype>
      <help></help>
      <isformula>F</isformula>
      <ismandatory>F</ismandatory>
      <label>Data</label>
      <linktext></linktext>
      <maxlength></maxlength>
      <maxvalue></maxvalue>
      <minvalue></minvalue>
      <onparentdelete></onparentdelete>
      <searchlevel>2</searchlevel>
      <selectrecordtype></selectrecordtype>
      <setting></setting>
      <storevalue>T</storevalue>
    </scriptcustomfield>
  </scriptcustomfields>
  <scriptdeployments>
    <scriptdeployment scriptid="customdeploy_c53106_mr_bundled_pdf_gnrte">
      <buffersize>1</buffersize>
      <concurrencylimit>1</concurrencylimit>
      <custscript_data_to_process></custscript_data_to_process>
      <isdeployed>T</isdeployed>
      <loglevel>DEBUG</loglevel>
      <queueallstagesatonce>T</queueallstagesatonce>
      <runasrole>ADMINISTRATOR</runasrole>
      <status>NOTSCHEDULED</status>
      <title>CSS MR Bundled PDF Generate</title>
      <yieldaftermins>60</yieldaftermins>
      <recurrence>
        <single>
          <repeat></repeat>
          <startdate>2022-10-04</startdate>
          <starttime>17:00:00Z</starttime>
        </single>
      </recurrence>
    </scriptdeployment>
  </scriptdeployments>
</mapreducescript>