<?xml version="1.0"?><!DOCTYPE pdf PUBLIC "-//big.faceless.org//report" "report-1.1.dtd">
<pdf>
<head>
	<link name="NotoSans" type="font" subtype="truetype" src="${nsfont.NotoSans_Regular}" src-bold="${nsfont.NotoSans_Bold}" src-italic="${nsfont.NotoSans_Italic}" src-bolditalic="${nsfont.NotoSans_BoldItalic}" bytes="2" />
    <link href="http://fonts.cdnfonts.com/css/vremena-grotesk" rel="stylesheet" />
	<#if .locale == "zh_CN">
		<link name="NotoSansCJKsc" type="font" subtype="opentype" src="${nsfont.NotoSansCJKsc_Regular}" src-bold="${nsfont.NotoSansCJKsc_Bold}" bytes="2" />
	<#elseif .locale == "zh_TW">
		<link name="NotoSansCJKtc" type="font" subtype="opentype" src="${nsfont.NotoSansCJKtc_Regular}" src-bold="${nsfont.NotoSansCJKtc_Bold}" bytes="2" />
	<#elseif .locale == "ja_JP">
		<link name="NotoSansCJKjp" type="font" subtype="opentype" src="${nsfont.NotoSansCJKjp_Regular}" src-bold="${nsfont.NotoSansCJKjp_Bold}" bytes="2" />
	<#elseif .locale == "ko_KR">
		<link name="NotoSansCJKkr" type="font" subtype="opentype" src="${nsfont.NotoSansCJKkr_Regular}" src-bold="${nsfont.NotoSansCJKkr_Bold}" bytes="2" />
	<#elseif .locale == "th_TH">
		<link name="NotoSansThai" type="font" subtype="opentype" src="${nsfont.NotoSansThai_Regular}" src-bold="${nsfont.NotoSansThai_Bold}" bytes="2" />
	</#if>
    <macrolist>
        <macro id="nlheader">
       
		</macro>
    	<macro id="nlfooter">
            
        </macro>
    </macrolist>
    <style type="text/css">* {
            <#if .locale == "zh_CN">
            font-family: NotoSans, NotoSansCJKsc, sans-serif;
            <#elseif .locale == "zh_TW">
            font-family: NotoSans, NotoSansCJKtc, sans-serif;
            <#elseif .locale == "ja_JP">
            font-family: NotoSans, NotoSansCJKjp, sans-serif;
            <#elseif .locale == "ko_KR">
            font-family: NotoSans, NotoSansCJKkr, sans-serif;
            <#elseif .locale == "th_TH">
            font-family: NotoSans, NotoSansThai, sans-serif;
            <#else>
            font-family: 'Vremena Grotesk', sans-serif !important;
            </#if>
            }
            table {
            font-size: 9pt;
            table-layout: fixed;
            }
            th {
            font-weight: bold;
            font-size: 8pt;
            vertical-align: middle;
            padding: 5px 6px 3px;
            background-color: #e3e3e3;
            color: #333333;
            }
            td {
            padding: 4px 6px;
            }
            td p { align:left }
            b {
            font-weight: bold;
            color: #333333;
            }
            table.header td {
            padding: 0px;
            font-size: 10pt;
            }
            table.footer td {
            padding: 0px;
            font-size: 8pt;
            }
            table.itemtable th {
            padding-bottom: 10px;
            padding-top: 10px;
            }
            table.body td {
            padding-top: 2px;
            }
            table.total {
            page-break-inside: avoid;
            }
            tr.totalrow {
            background-color: #e3e3e3;
            line-height: 200%;
            }
            td.totalboxtop {
            font-size: 12pt;
            background-color: #e3e3e3;
            }
            td.addressheader {
            font-size: 8pt;
            padding-top: 6px;
            padding-bottom: 2px;
            }
            td.address {
            padding-top: 0px;
            }
            td.totalboxmid {
            font-size: 28pt;
            padding-top: 20px;
            background-color: #e3e3e3;
            }
            td.totalboxbot {
            background-color: #e3e3e3;
            font-weight: bold;
            }
            span.title {
            font-size: 28pt;
            }
            span.number {
            font-size: 16pt;
            }
            span.itemname {
            font-weight: bold;
            line-height: 150%;
            }
            hr {
            width: 100%;
            color: #d3d3d3;
            background-color: #d3d3d3;
            height: 1px;
            }
            .checkbox{
            width: 200px;
            background-color:#ffffff;
            color:#fff;
            margin: auto;
            }
</style>
</head>
<body>
  <#if companyInformation.logoUrl?length != 0>
			<table style="height:25px;width:685px;border:0px solid black">
               	<tr>
                <td style="height: 20px;border:0px solid black 25px;" align="left"><strong><span style="font-size:21px; padding-top:2px; padding-bottom:1px;">Bentham Science Publishers Ltd</span></strong></td>
				<td style="height: 20px;border:0px solid black" align="right"><span style="font-size:20px; padding-top:2px; padding-bottom:1px;">Online Subscriptions</span></td>
				</tr>
				<tr>
				<td style="height: 20px;border:0px solid black;" align="left"><span style="font-size:16px; padding-top:2px; padding-bottom:1px;">${companyinformation.addresstext}&nbsp;${companyinformation.adminemail}</span></td>
				<td style="height: 20px;border:0px solid black" align="right"><span style="font-size:18px; padding-top:2px; padding-bottom:1px;">${record.trandate}</span></td>
				</tr>
              	<tr>
				<td style="height: 20px;border:0px solid black" align="left"><span style="font-size:16px; padding-top:2px; padding-bottom:1px;"><br />${record.shipaddress}</span></td>
                <td style="height: 20px;border:0px solid black" align="right"><span style="font-size:19px; padding-top:2px; padding-bottom:1px;"><br />${record.custbody_c44426_customer_category}</span></td>
				</tr>
              </table>
              </#if>
  			<table style="margin-top:5px;height:5px;width:685px;border:0px solid black">
  				<tr>
				<td style="height: 20px;border:0px solid black" align="left"><span style="font-size:16px; padding-top:0px; padding-bottom:0px;"><br />Thank you for subscribing to the following journal title(s):</span></td>
				</tr>
  			</table>
<#assign check_counter = 0>
<table class="itemtable" style="width: 685px; margin-top: 10px;border:0px solid black">
<!-- start items -->
<#list record.item as item>
	<#if item_index==0>
      <thead>
          <tr>
          <th style="font-size:14px;" align="left" colspan="9">${item.description@label}</th>
          <th style="font-size:14px;" colspan="4">Subscription Number:</th>
          </tr>
      </thead>
	</#if>
  	<#if item.custcol_c44423_electronic != false>
	<tr>
      <#assign item_cat = item.custcol_c44424_customercategory>
      <#assign item_dpname = item.item.displayname>
		<td style="font-size:13px;" colspan="10"><span class="itemname">${item.custcol_c44424_customercategory} Subscr. to ${item.custcol_c47967_item_display_name}</span><br />${item.description}</td>
		<td style="font-size:13px;" colspan="3">${item.custcol_c44424_referencenumber}</td>
	</tr>
    </#if>
</#list>
<!-- end items -->
      </table>
  <p>
    
  </p>
  <table cellpadding="0" cellspacing="0" style="margin-top: 10px;height:100%;width:685px;border:0px solid black">
			<tr><td align="left" style="font-size:13px;">Please go to www.ingentaconnect.com/register/institutional and complete the Institutional Registration form.</td></tr>
			<tr><td align="left" style="font-size:13px;">After completing Step 5 click 'Set up Subscriptions'. You can then search for the journal/s that you hold a subscription to,enter your valid subscription number/s and then click the add button.</td></tr>
			<tr><td align="left" style="font-size:13px;">If you already have an institutional account registered, please log in with your administrator username / password at www.ingentaconnect.com. At  the IngentaConnect Administrator Home Page click 'Set up Subscriptions'. You can then search for the journal/s that you hold a subscription to, enter your valid subscription number/s and then click the add button.</td></tr>
			<tr><td align="left" style="font-size:13px;">Your request to activate your journal subscriptions will be processed within 24-48 hours and a confirmation email will be sent to you once online access is enabled.</td></tr>
			<tr><td align="left" style="font-size:13px;">Please note that any IP addresses provided must only belong to the site address provided in the subscription order.</td></tr>
			<tr><td align="left" style="font-size:13px;">If an IP range includes a proxy series address i.e., one that serves multiple locations we require these details beforehand.</td></tr>
			<tr><td align="left" style="font-size:13px;">If you need any further information or have any queries please contact the Ingenta Helpdesk at: help@ingentaconnect.com.</td></tr>
			<tr><td align="left" style="font-size:13px;">We thank you for showing interest in our journals. Please do contact us at Bentham Science Publishers if you have any queries regarding your online subscription.</td></tr>
			</table>
</body>
</pdf>