<?xml version="1.0"?><!DOCTYPE pdf PUBLIC "-//big.faceless.org//report" "report-1.1.dtd">
<pdf>
<head>
	<link name="NotoSans" type="font" subtype="truetype" src="${nsfont.NotoSans_Regular}" src-bold="${nsfont.NotoSans_Bold}" src-italic="${nsfont.NotoSans_Italic}" src-bolditalic="${nsfont.NotoSans_BoldItalic}" bytes="2" />
    <link href="http://fonts.cdnfonts.com/css/vremena-grotesk" rel="stylesheet" />
	<#if .locale == "zh_CN">
		<link name="NotoSansCJKsc" type="font" subtype="opentype" src="${nsfont.NotoSansCJKsc_Regular}" src-bold="${nsfont.NotoSansCJKsc_Bold}" bytes="2" />
	<#elseif .locale == "zh_TW">
		<link name="NotoSansCJKtc" type="font" subtype="opentype" src="${nsfont.NotoSansCJKtc_Regular}" src-bold="${nsfont.NotoSansCJKtc_Bold}" bytes="2" />
	<#elseif .locale == "ja_JP">
		<link name="NotoSansCJKjp" type="font" subtype="opentype" src="${nsfont.NotoSansCJKjp_Regular}" src-bold="${nsfont.NotoSansCJKjp_Bold}" bytes="2" />
	<#elseif .locale == "ko_KR">
		<link name="NotoSansCJKkr" type="font" subtype="opentype" src="${nsfont.NotoSansCJKkr_Regular}" src-bold="${nsfont.NotoSansCJKkr_Bold}" bytes="2" />
	<#elseif .locale == "th_TH">
		<link name="NotoSansThai" type="font" subtype="opentype" src="${nsfont.NotoSansThai_Regular}" src-bold="${nsfont.NotoSansThai_Bold}" bytes="2" />
	</#if>
    <macrolist>
        <macro id="nlheader">
            <table class="header" style="height:25px;width:100%;"><tr>
	<td rowspan="3"><#if companyInformation.logoUrl?length != 0>
<table cellpadding="0" cellspacing="0" style="height:25px;width:400px;"><tr>
		<td style="height: 20px;"><strong><span style="font-size:18px; border-top:2px; border-bottom:4px; padding-top:2px; padding-bottom:1px;">Bentham Science Publishers Ltd</span></strong></td>
		</tr>
		<tr>
		  <!--><td><br />${record.billaddress}&nbsp;${companyinformation.adminemail}</td><-->
          <td><br />${companyinformation.addresstext}&nbsp;${companyinformation.adminemail}</td>
		</tr></table>
  
	<table cellpadding="0" cellspacing="0" style="height:3px;width:680px;">
		<tr>
		<td><h4><b>___________________________________________________ ${record.custbody_c44423_ordertype}____________</b></h4></td>
		</tr></table>
	</#if></td>
	<td rowspan="3">
	<table class="header" style="height:25px;width:100%;"><tr>
		<td align="right">
		<table align="right" cellpadding="1" cellspacing="1" style="border:1px solid black;width:170px;"><tr>
			<td style="padding-top: 2px; text-align: right;">Invoice No.</td>
			<td style="padding-top: 2px; text-align: right;">${record.tranid}</td>
			</tr>
			<tr>
			<td style="text-align: right;">Date</td>
			<td style="text-align: right;">${record.trandate}</td>
			</tr></table>
		</td>
		</tr></table>
	</td>
	</tr></table>
        </macro>
        <macro id="nlfooter">
            <table border="0" cellpadding="2" cellspacing="2" style="width:675px;"><tr>
	<td><span style="font-size:12px;">${record.memo}</span></td>
	</tr></table>

<table border="3" cellpadding="1" cellspacing="2" style="width:675px;"><tr>
	<td style="width: 658px;">Payment may be made by bank transfer, credit card or by cheque (Payable to &quot;Bentham Science Publishers Ltd. (FZE)</td>
	</tr>
	<tr>
	<td style="width: 658px;">Please note that for amounts less than $ 500.00 cheque payment is not accepted.</td>
	</tr>
	<tr>
	<td style="width: 658px;">
	<table border="0" cellpadding="0" cellspacing="0" style="width:665px;"><tr>
		<td><u>I wish to pay by credit card:</u></td>
		<td><input checked="false" display="inline" name=" Amex" type="checkbox" /><span>&nbsp; American Express</span></td>
		<td><input checked="false" display="inline" name=" Mc" type="checkbox" /><span>&nbsp; Mastercard</span></td>
		<td><input checked="false" display="inline" name=" Visa" type="checkbox" /><span>&nbsp; VISA</span></td>
		</tr></table>
	</td>
	</tr>
	<tr>
	<td style="width: 658px;">Card Number&nbsp; &nbsp;:...................................................................... Signature&nbsp; &nbsp; :....................................................................................</td>
	</tr>
	<tr>
	<td style="width: 658px;">Expiry Date&nbsp; &nbsp; &nbsp; &nbsp;:......................................................................</td>
	</tr>
	<tr>
	<td style="width: 658px;">Date&nbsp; &nbsp; &nbsp; &nbsp; &nbsp; &nbsp; &nbsp; &nbsp; &nbsp; &nbsp;:.....................................................................Card Holder (Print) :.........................................................................</td>
	</tr>
	<tr>
	<td style="width: 658px;">Kindly provide us with Credit Card Billing Address:.....................................................................................................................</td>
	</tr>
	<tr>
	<td style="width: 658px;">............................................................................................................................................................................................................</td>
	</tr>
	<tr>
	<td style="width: 658px;"><u>Transfer payment to:</u></td>
	</tr>
	<tr>
	<td style="width: 658px;">Bentham Science Publishers Ltd. (FZE), Bank Account Number: 012001225454, National Bank of Fujairah PJSC, Bank<br />Street Dubai, P.O. Box 2979, Dubai, United Arab Emirates, SWIFT: NBFUAEAFDXB, IBAN: AE520380000012001225454</td>
	</tr>
	<tr>
	<td style="width: 658px;">&nbsp;</td>
	</tr>
	<tr>
	<td style="width: 658px;"><u>For bank transfers, please reference our INVOICE NUMBER (${record.tranid}), indicate PURPOSE OF PAYMENT<br />and the PURPOSE CODE (IFS) to avoid rejection by the bank.</u></td>
	</tr>
	<tr>
	<td style="width: 658px;">
	<table border="0" cellpadding="0" cellspacing="0" style="width:662px;"><tr>
		<td style="width: 127px;">Terms: Payment is due</td>
		<td style="width: 109px;">${record.duedate}</td>
		<td>&nbsp;</td>
		<td>&nbsp;</td>
		<td>&nbsp;</td>
		</tr></table>
	</td>
	</tr></table>
        </macro>
    </macrolist>
    <style type="text/css">* {
            <#if .locale == "zh_CN">
            font-family: NotoSans, NotoSansCJKsc, sans-serif;
            <#elseif .locale == "zh_TW">
            font-family: NotoSans, NotoSansCJKtc, sans-serif;
            <#elseif .locale == "ja_JP">
            font-family: NotoSans, NotoSansCJKjp, sans-serif;
            <#elseif .locale == "ko_KR">
            font-family: NotoSans, NotoSansCJKkr, sans-serif;
            <#elseif .locale == "th_TH">
            font-family: NotoSans, NotoSansThai, sans-serif;
            <#else>
            <!-- font-family: NotoSans, sans-serif; -->
            font-family: 'Vremena Grotesk', sans-serif !important;
            </#if>
            }
            table {
            font-size: 9pt;
            table-layout: fixed;
            }
            th {
            font-weight: bold;
            font-size: 8pt;
            vertical-align: middle;
            padding: 5px 6px 3px;
            background-color: #e3e3e3;
            color: #333333;
            }
            td {
            padding: 4px 6px;
            }
            td p { align:left }
            b {
            font-weight: bold;
            color: #333333;
            }
            table.header td {
            padding: 0px;
            font-size: 10pt;
            }
            table.footer td {
            padding: 0px;
            font-size: 8pt;
            }
            table.itemtable th {
            padding-bottom: 10px;
            padding-top: 10px;
            }
            table.body td {
            padding-top: 2px;
            }
            table.total {
            page-break-inside: avoid;
            }
            tr.totalrow {
            background-color: #e3e3e3;
            line-height: 200%;
            }
            td.totalboxtop {
            font-size: 12pt;
            background-color: #e3e3e3;
            }
            td.addressheader {
            font-size: 8pt;
            padding-top: 6px;
            padding-bottom: 2px;
            }
            td.address {
            padding-top: 0px;
            }
            td.totalboxmid {
            font-size: 28pt;
            padding-top: 20px;
            background-color: #e3e3e3;
            }
            td.totalboxbot {
            background-color: #e3e3e3;
            font-weight: bold;
            }
            span.title {
            font-size: 28pt;
            }
            span.number {
            font-size: 16pt;
            }
            span.itemname {
            font-weight: bold;
            line-height: 150%;
            }
            hr {
            width: 100%;
            color: #d3d3d3;
            background-color: #d3d3d3;
            height: 1px;
            }
            .checkbox{
            width: 200px;
            background-color:#ffffff;
            color:#fff;
            margin: auto;
            }
</style>
</head>
<body header="nlheader" header-height="13%" footer="nlfooter" footer-height="25%" padding="0.5in 0.5in 0.5in 0.5in" size="Letter">

    <table  border="0" cellpadding="0" cellspacing="0" style="width:816px;">
      <tr><td>&nbsp;</td></tr><tr><td>&nbsp;</td></tr>
      <tr>
	<td>Invoice to</td>
	<td>Ship to</td>
	</tr>
	<tr>
	<td>
	<table border="1" cellpadding="1" cellspacing="1" style="width:266px;"><tr>
      
		<td>${record.entity.address}<br /><br /><br /><br />&nbsp;</td>
		</tr></table>
	</td>
	<td>
	<table class="itemtable" border="1" cellpadding="1" cellspacing="1" style="width:266px;"><#list record.item as item><#if item_index==0>
      <tr>
		<td><#if item.custcol_c44424_customer?has_content>
 				  ${item.custcol_c44424_customer_name}<br />
				  </#if>
                  <#if item.custcol_c44424_address1?has_content>
 				  ${item.custcol_c44424_address1}<br />
				  </#if>
                  <#if item.custcol_c44424_address2?has_content>
 				  ${item.custcol_c44424_address2}<br />
				  </#if>
                  <#if item.custcol_c44424_city?has_content>
 				  ${item.custcol_c44424_city}<br />
				  </#if>
                  <#if item.custcol_c44424_state?has_content>
 				  ${item.custcol_c44424_state}<br />
				  </#if>
                  <#if item.custcol_c44424_zip?has_content>
 				  ${item.custcol_c44424_zip}<br />
				  </#if>
                  <#if item.custcol_c44424_country?has_content>
 				  ${item.custcol_c44424_country}<br />
                    <br /><br /><br /><br />
				  </#if></td>
      </tr></#if>
      </#list></table>

	</td>
	</tr></table>
<#assign check_counter = 0>

<table class="itemtable" style="width: 100%; margin-top: 10px;"><!-- start items --><#list record.item as item><#if item_index==0>
<thead>
	<tr>
	<th align="center" colspan="3">${item.quantity@label}</th>
	<th align="left" colspan="10">${item.description@label}</th>
	<th>&nbsp;P.</th>
	<th>E.</th>
	<th colspan="3">Your Order/ Reference</th>
	<th align="right" colspan="4">${item.rate@label}</th>
	<th align="right" colspan="4">${item.amount@label} US$</th>
	</tr>
</thead>
</#if><tr><#assign item_cat = item.custcol_c44424_customercategory><#assign item_dpname = item.item.displayname>
	<td align="center" colspan="3" line-height="150%">${item.quantity}</td>
	<td colspan="10"><span class="itemname">${item.custcol_c44424_customercategory} Subscr. to ${item.custcol_c47967_item_display_name}</span><br />${item.description}</td>
	<td><#if item.custcol_c44423_print != false><input checked="true" display="inline" name="aaa${check_counter}" type="checkbox" value="aa" />&nbsp; &nbsp; <#else> <input checked="false" display="inline" name="aaa${check_counter}" type="checkbox" value="aa" /> </#if>&nbsp; <#assign check_counter = check_counter + 1></td>
	<td><#if item.custcol_c44423_electronic != false><input checked="true" display="inline" name="bbb${check_counter}" type="checkbox" value="bb" />&nbsp; &nbsp; <#else> <input checked="false" display="inline" name="bbb${check_counter}" type="checkbox" value="bb" /> </#if>&nbsp; <#assign check_counter = check_counter + 1></td>
	<td colspan="3">${item.custcol_c44424_referencenumber}</td>
	<td align="right" colspan="4">${item.rate}</td>
	<td align="right" colspan="4">${item.amount}</td>
	</tr>
	</#list><!-- end items --></table>

<table class="total" style="width: 100%; margin-top: 10px;"><tr>
	<td colspan="4">&nbsp;</td>
	<td align="right"><b>Total Amount</b></td>
	<td align="right">${record.subtotal}</td>
	</tr>
	<tr>
	<td colspan="4">&nbsp;</td>
	<td align="right"><b>Discount ${record.discountrate}</b></td>
	<td align="right">${record.discounttotal}</td>
	</tr>
	<tr>
	<td colspan="4">
	<table border="0" cellpadding="1" cellspacing="1" style="width:465px;">
      <tr>
		<td>&nbsp;</td>
		<td><b><i><span id="cke_bm_3005S">&nbsp;</span>Total Paid:&nbsp;<b><i> $${record.custbody_c47967_invoice_amount_rem} </i></b></i></b></td>
		</tr></table>
	</td>
	<td align="right"><b><i>&nbsp; </i>Total postage </b></td>
	<td align="right">${record.shippingcost}</td>
	</tr>
	<tr class="totalrow">
	<td background-color="#ffffff" colspan="4">&nbsp;</td>
	<td align="right"><b>TOTAL &nbsp; US$</b></td>
	<td align="right">${record.total}</td>
	</tr></table>
</body>
</pdf>