<mapreducescript scriptid="customscriptc53106_mr_bundled_pdf_genrte">
  <description></description>
  <isinactive>F</isinactive>
  <name>CSS MR Bundled PDF Generate</name>
  <notifyadmins>F</notifyadmins>
  <notifyemails></notifyemails>
  <notifyowner>T</notifyowner>
  <scriptfile>[/SuiteScripts/CSS MR Bundled PDF Generate.js]</scriptfile>
  <scriptdeployments>
    <scriptdeployment scriptid="customdeployc53106_mr_bundled_pdf_genrte">
      <buffersize>1</buffersize>
      <concurrencylimit>1</concurrencylimit>
      <isdeployed>T</isdeployed>
      <loglevel>DEBUG</loglevel>
      <queueallstagesatonce>T</queueallstagesatonce>
      <runasrole>ADMINISTRATOR</runasrole>
      <status>NOTSCHEDULED</status>
      <title>CSS MR Bundled PDF Generate</title>
      <yieldaftermins>60</yieldaftermins>
      <recurrence>
        <single>
          <repeat></repeat>
          <startdate>2022-10-04</startdate>
          <starttime>17:00:00Z</starttime>
        </single>
      </recurrence>
    </scriptdeployment>
  </scriptdeployments>
</mapreducescript>