<suitelet scriptid="customscript_c46481_su_inv_pdf_suitlet">
  <description></description>
  <isinactive>F</isinactive>
  <name>CSS SU Invoice PDF Suitelet</name>
  <notifyadmins>F</notifyadmins>
  <notifyemails></notifyemails>
  <notifyowner>T</notifyowner>
  <notifyuser>F</notifyuser>
  <scriptfile>[/SuiteScripts/CSS SU Invoice PDF Suitelet.js]</scriptfile>
  <scriptdeployments>
    <scriptdeployment scriptid="customdeploy_c46481_su_inv_pdf_suitlet">
      <allemployees>F</allemployees>
      <allpartners>F</allpartners>
      <allroles>T</allroles>
      <audslctrole></audslctrole>
      <eventtype></eventtype>
      <isdeployed>T</isdeployed>
      <isonline>F</isonline>
      <loglevel>DEBUG</loglevel>
      <runasrole>ADMINISTRATOR</runasrole>
      <status>RELEASED</status>
      <title>CSS SU Invoice PDF Suitelet</title>
    </scriptdeployment>
  </scriptdeployments>
</suitelet>